mod,structure_set,theme,structures,current,attempts_per_1k_chunks,dims,rec_global,rec_peaceful_dims,rec_hard_dims,notes
mes-moogs-end-structures,mes:astral_meteorite,deco,mes:astral_meteorite,27/12,1.37,end,keep default,keep,keep,
mes-moogs-end-structures,mes:enderbloom_grove,deco,mes:enderbloom_grove,36/12,0.77,end,keep default,keep,keep,
mes-moogs-end-structures,mes:enderpin_spikes,deco,mes:enderpin_spikes,31/8,1.04,end,keep default,keep,keep,
mes-moogs-end-structures,mes:enderskog,deco,mes:enderskog,52/22,0.37,end,keep default,keep,keep,
mes-moogs-end-structures,mes:endscraps,deco,mes:endscraps,37/7,0.73,end,keep default,keep,keep,
mes-moogs-end-structures,mes:mythic_garden,deco,mes:mythic_garden,38/27,0.69,end,keep default,keep,keep,
mes-moogs-end-structures,mes:placid_prairie,deco,mes:placid_prairie,32/22,0.98,end,keep default,keep,keep,
mes-moogs-end-structures,mes:ruined_pillar,deco,mes:ruined_pillar,12/7,6.94,end,keep default,keep,keep,
nullscape,nullscape:dragon_skeleton,deco,nullscape:dragon_skeleton,22/12,2.07,end,keep default,keep,keep,
nullscape,nullscape:rift,deco,nullscape:rift,20/12,2.5,end,keep default,keep,keep,
philips-ruins,philipsruins:end_ruins,deco,philipsruins:end_ruins;philipsruins:end_gate_fortress,35/25,0.82,end,keep default,keep,keep,
mes-moogs-end-structures,mes:phantom_citadel,dungeon,mes:phantom_citadel,31/14,1.04,end,keep default,EXCLUDE,BOOST ~2x (halve spacing / f=1.0),
nullscape,minecraft:end_cities,dungeon,minecraft:end_city,26/18,1.48,end,keep default,EXCLUDE,BOOST ~2x (halve spacing / f=1.0),Nullscape OVERRIDES vanilla set (26/18)
dungeons-and-taverns,nova_structures:end_castle,landmark,nova_structures:end_castle,/,,end,keep default,keep RARE (f=0.3),keep default,
mes-moogs-end-structures,mes:ender_spire,landmark,mes:ender_spire,46/38,0.47,end,keep default,keep RARE (f=0.3),keep default,
mes-moogs-end-structures,mes:enderkeep_courtyard,landmark,mes:enderkeep_courtyard,44/25,0.52,end,keep default,keep RARE (f=0.3),keep default,
mes-moogs-end-structures,mes:enderwatch_tower,landmark,mes:enderwatch_tower,42/12,0.57,end,keep default,keep RARE (f=0.3),keep default,
mes-moogs-end-structures,mes:manuscript_shrine,landmark,mes:manuscript_shrine,41/27,0.59,end,keep default,keep RARE (f=0.3),keep default,
mes-moogs-end-structures,mes:monolith,landmark,mes:monolith,36/21,0.77,end,keep default,keep RARE (f=0.3),keep default,
mes-moogs-end-structures,mes:mystical_archway,landmark,mes:mystical_archway,44/32,0.52,end,keep default,keep RARE (f=0.3),keep default,
structory-towers,structory_towers:end_towers,landmark,structory_towers:end/end_tower,82/10 f=0.4,0.06,end,keep default,keep RARE (f=0.3),keep default,
dungeons-and-taverns,nova_structures:end_lighthouses,maritime,nova_structures:end_lighthouse,40/22,0.62,end,keep default,keep RARE (f=0.3),keep default,
dungeons-and-taverns,nova_structures:end_ship,maritime,nova_structures:end_ship,40/10 f=0.25,0.16,end,keep default,keep RARE (f=0.3),keep default,
explorify,explorify:end_shipwrecks,maritime,explorify:end_shipwreck,24/6 f=0.5,0.87,end,CONFIGURE: whole mod configurable TODAY via Cristel Lib,keep RARE (f=0.3),keep default,
mes-moogs-end-structures,mes:mega_ship,maritime,mes:mega_ship,77/15,0.17,end,keep default,keep RARE (f=0.3),keep default,
mes-moogs-end-structures,mes:mega_ship_basic,maritime,mes:mega_ship_basic,80/60,0.16,end,keep default,keep RARE (f=0.3),keep default,
mes-moogs-end-structures,mes:mega_ship_crashed,maritime,mes:mega_ship_crashed,75/46,0.18,end,keep default,keep RARE (f=0.3),keep default,
mes-moogs-end-structures,mes:mega_ship_crashed_2,maritime,mes:mega_ship_crashed_2,72/48,0.19,end,keep default,keep RARE (f=0.3),keep default,
mes-moogs-end-structures,mes:mega_ship_crashed_deepslate,maritime,mes:mega_ship_crashed_deepslate,79/52,0.16,end,keep default,keep RARE (f=0.3),keep default,
mes-moogs-end-structures,mes:mega_ship_deepslate,maritime,mes:mega_ship_deepslate,88/65,0.13,end,keep default,keep RARE (f=0.3),keep default,
mes-moogs-end-structures,mes:mega_ship_deepslate_2,maritime,mes:mega_ship_deepslate_2,82/46,0.15,end,keep default,keep RARE (f=0.3),keep default,
mes-moogs-end-structures,mes:mega_ship_deepslate_3,maritime,mes:mega_ship_deepslate_3,84/52,0.14,end,keep default,keep RARE (f=0.3),keep default,
mes-moogs-end-structures,mes:starlight_voyager,maritime,mes:starlight_voyager,32/17,0.98,end,keep default,keep RARE (f=0.3),keep default,
mes-moogs-end-structures,mes:astral_hideaway,settlement,mes:astral_hideaway,40/18,0.62,end,keep default,keep RARE (f=0.3 or 2x spacing),keep rare (survivor enclaves),
mns-moogs-nether-structures,mns:circle_blackstone,deco,mns:circle_blackstone,22/15,2.07,nether,keep default,keep,keep,
mns-moogs-nether-structures,mns:circle_nether_brick,deco,mns:circle_nether_brick,23/11,1.89,nether,keep default,keep,keep,
mns-moogs-nether-structures,mns:crimson_lava_well,deco,mns:crimson_lava_well,24/19,1.74,nether,keep default,keep,keep,
mns-moogs-nether-structures,mns:giant_skull,deco,mns:giant_skull,54/46,0.34,nether,keep default,keep,keep,
mns-moogs-nether-structures,mns:large_blackstone_pillars,deco,mns:large_blackstone_pillars,27/18,1.37,nether,keep default,keep,keep,
mns-moogs-nether-structures,mns:large_blackstone_walls,deco,mns:large_blackstone_walls,29/11,1.19,nether,keep default,keep,keep,
mns-moogs-nether-structures,mns:large_nether_brick,deco,mns:large_nether_brick,32/16,0.98,nether,keep default,keep,keep,
mns-moogs-nether-structures,mns:lava_pool,deco,mns:lava_pool,41/26,0.59,nether,keep default,keep,keep,
mns-moogs-nether-structures,mns:leafy_rubble,deco,mns:leafy_rubble,22/15,2.07,nether,keep default,keep,keep,
mns-moogs-nether-structures,mns:medium_blackstone,deco,mns:medium_blackstone,23/18,1.89,nether,keep default,keep,keep,
mns-moogs-nether-structures,mns:medium_crimson_fungus,deco,mns:medium_crimson_fungus;mns:medium_crimson_fungus_2,24/19,1.74,nether,keep default,keep,keep,
mns-moogs-nether-structures,mns:medium_crimson_well,deco,mns:medium_crimson_well,22/12,2.07,nether,keep default,keep,keep,
mns-moogs-nether-structures,mns:medium_warped_fungus,deco,mns:medium_warped_fungus;mns:medium_warped_fungus_2,28/13,1.28,nether,keep default,keep,keep,
mns-moogs-nether-structures,mns:medium_warped_well,deco,mns:medium_warped_well,24/14,1.74,nether,keep default,keep,keep,
mns-moogs-nether-structures,mns:ruined_portal,deco,mns:ruined_portal,30/28,1.11,nether,keep default,keep,keep,
mns-moogs-nether-structures,mns:sandy_skull,deco,mns:sandy_skull,40/36,0.62,nether,keep default,keep,keep,
mns-moogs-nether-structures,mns:small_nether_brick,deco,mns:small_nether_brick,24/20,1.74,nether,keep default,keep,keep,
mns-moogs-nether-structures,mns:soul_fire,deco,mns:soul_fire,25/16,1.6,nether,keep default,keep,keep,
mns-moogs-nether-structures,mns:very_small_blackstone,deco,mns:very_small_blackstone;mns:very_small_blackstone_2;mns:very_small_blackstone_3;mns:very_small_bla,23/12,1.89,nether,keep default,keep,keep,
mns-moogs-nether-structures,mns:very_small_nether_brick,deco,mns:very_small_nether_brick;mns:very_small_nether_brick_2;mns:very_small_nether_brick_3,22/12,2.07,nether,keep default,keep,keep,
mns-moogs-nether-structures,mns:warped_dome,deco,mns:warped_dome,42/38,0.57,nether,keep default,keep,keep,
mns-moogs-nether-structures,mns:warped_pool,deco,mns:warped_pool,33/21,0.92,nether,keep default,keep,keep,
moogs-voyager-structures,mvs:nether_well,deco,mvs:nether_well,48/30,0.43,nether,CONFIGURE: MVS ambient clutter; thin with one global preset (f=0.6) if world feels busy,keep,keep,
philips-ruins,philipsruins:nether_ruins,deco,philipsruins:start_nether_ruin,310/90,0.01,nether,keep default,keep,keep,
dungeons-and-taverns,nova_structures:nether_camps,dungeon,nova_structures:skeleton_camp_crimson(2);nova_structures:skeleton_camp_waste(2);nova_structures:skel,20/10,2.5,nether,keep default,EXCLUDE,BOOST ~2x (halve spacing / f=1.0),
dungeons-and-taverns,nova_structures:nether_skeleton_towers,dungeon,nova_structures:nether_skeleton_tower_waste;nova_structures:nether_skeleton_tower_warped;nova_struct,40/20,0.62,nether,keep default,EXCLUDE,BOOST ~2x (halve spacing / f=1.0),
incendium,incendium:greater_structures,dungeon,incendium:sanctum(5);incendium:forbidden_castle(5);incendium:nether_reactor(3),30/16,1.11,nether,keep default,EXCLUDE,BOOST ~2x (halve spacing / f=1.0),
incendium,minecraft:nether_complexes,dungeon,minecraft:fortress(2);minecraft:bastion_remnant(3),16/8,3.91,nether,keep default,EXCLUDE,BOOST ~2x (halve spacing / f=1.0),"Incendium OVERRIDES vanilla set (fortress+bastion, 16/8)"
mns-moogs-nether-structures,mns:grave_yard,dungeon,mns:grave_yard,36/22,0.77,nether,keep default,EXCLUDE,BOOST ~2x (halve spacing / f=1.0),
mns-moogs-nether-structures,mns:mega_arenas,dungeon,mns:small_arena(5);mns:large_arena(3);mns:dragon_arena,150/100,0.04,nether,keep default,EXCLUDE,BOOST ~2x (halve spacing / f=1.0),
mns-moogs-nether-structures,mns:mega_fortress,dungeon,mns:mega_fortress,116/76,0.07,nether,keep default,EXCLUDE,BOOST ~2x (halve spacing / f=1.0),
moogs-voyager-structures,mvs:nether_devil,dungeon,mvs:nether_devil,64/16,0.24,nether,keep default,EXCLUDE,BOOST ~2x (halve spacing / f=1.0),
philips-ruins,philipsruins:nether_structures,dungeon,philipsruins:start_nether_dungeon;philipsruins:sealedruinedghaststatue1;philipsruins:nether_lava_rui,30/25,1.11,nether,keep default,EXCLUDE,BOOST ~2x (halve spacing / f=1.0),
yungs-better-dungeons,betterdungeons:small_nether_dungeons,dungeon,betterdungeons:small_nether_dungeon,16/10,3.91,nether,keep default,EXCLUDE,BOOST ~2x (halve spacing / f=1.0),
mns-moogs-nether-structures,mns:bridge_1,landmark,mns:bridge_1,90/70,0.12,nether,keep default,keep RARE (f=0.3),keep default,
mns-moogs-nether-structures,mns:bridge_2,landmark,mns:bridge_2,90/70,0.12,nether,keep default,keep RARE (f=0.3),keep default,
mns-moogs-nether-structures,mns:bridge_3,landmark,mns:bridge_3,90/70,0.12,nether,keep default,keep RARE (f=0.3),keep default,
mns-moogs-nether-structures,mns:bridge_4,landmark,mns:bridge_4,90/70,0.12,nether,keep default,keep RARE (f=0.3),keep default,
mns-moogs-nether-structures,mns:bridge_5,landmark,mns:bridge_5,90/70,0.12,nether,keep default,keep RARE (f=0.3),keep default,
mns-moogs-nether-structures,mns:bridge_6,landmark,mns:bridge_6,90/70,0.12,nether,keep default,keep RARE (f=0.3),keep default,
mns-moogs-nether-structures,mns:copper_tower,landmark,mns:copper_tower,72/37,0.19,nether,keep default,keep RARE (f=0.3),keep default,
mns-moogs-nether-structures,mns:crimson_forge,landmark,mns:crimson_forge,24/19,1.74,nether,keep default,keep RARE (f=0.3),keep default,
mns-moogs-nether-structures,mns:nether_tower,landmark,mns:nether_tower,115/56,0.08,nether,keep default,keep RARE (f=0.3),keep default,
mns-moogs-nether-structures,mns:shrine,landmark,mns:shrine;mns:smoking_shrine,24/17,1.74,nether,keep default,keep RARE (f=0.3),keep default,
mns-moogs-nether-structures,mns:sword,landmark,mns:sword,45/42,0.49,nether,keep default,keep RARE (f=0.3),keep default,
mns-moogs-nether-structures,mns:train,landmark,mns:train,65/50,0.24,nether,keep default,keep RARE (f=0.3),keep default,
mss-moogs-soaring-structures,mss:nether_portal,landmark,mss:nether_portal,99/52,0.1,nether,keep default,keep RARE (f=0.3),keep default,
mtr-moogs-temples-reimagined,mtr:nether_temple,landmark,mtr:nether_temple,150/40,0.04,nether,keep default,keep RARE (f=0.3),keep default,
structory-towers,structory_towers:nether_towers,landmark,structory_towers:nether/strange_outpost(5);structory_towers:nether/warped_outpost(6);structory_tower,33/10 f=0.9,0.83,nether,keep default,keep RARE (f=0.3),keep default,
dungeons-and-taverns,nova_structures:nether_structures,settlement,nova_structures:nether_port(20);nova_structures:nether_keep(10);nova_structures:hamlet(40);nova_stru,85/40,0.14,nether,keep default,keep RARE (f=0.3 or 2x spacing),keep rare (survivor enclaves),
incendium,incendium:lesser_structures,settlement,incendium:quartz_kitchen(2);incendium:abandoned_tower(3);incendium:pipeline(2);incendium:piglin_vill,20/12,2.5,nether,keep default,keep RARE (f=0.3 or 2x spacing),keep rare (survivor enclaves),
mns-moogs-nether-structures,mns:large_house_1,settlement,mns:large_house_1,42/38,0.57,nether,keep default,keep RARE (f=0.3 or 2x spacing),keep rare (survivor enclaves),
mns-moogs-nether-structures,mns:medium_house,settlement,mns:medium_house,43/34,0.54,nether,keep default,keep RARE (f=0.3 or 2x spacing),keep rare (survivor enclaves),
mns-moogs-nether-structures,mns:medium_house_2,settlement,mns:medium_house_2,44/36,0.52,nether,keep default,keep RARE (f=0.3 or 2x spacing),keep rare (survivor enclaves),
mns-moogs-nether-structures,mns:nether_wart_farm,settlement,mns:nether_wart_farm,85/25,0.14,nether,keep default,keep RARE (f=0.3 or 2x spacing),keep rare (survivor enclaves),
mns-moogs-nether-structures,mns:warped_house,settlement,mns:warped_house,42/38,0.57,nether,keep default,keep RARE (f=0.3 or 2x spacing),keep rare (survivor enclaves),
dungeons-and-taverns,nova_structures:desert_ruins,deco,nova_structures:desert_ruins,80/12,0.16,overworld,keep default,keep,keep,
dungeons-and-taverns,nova_structures:jungle_ruins,deco,nova_structures:jungle_ruins,80/12,0.16,overworld,keep default,keep,keep,
dungeons-and-taverns,nova_structures:remnants,deco,nova_structures:remnant_bee_keeper;nova_structures:remnant_big_remnant;nova_structures:remnant_big_r,120/30,0.07,overworld,keep default,keep,keep,
dungeons-and-taverns,nova_structures:wells,deco,nova_structures:well_spruce;nova_structures:well_birch;nova_structures:well_dark_oak;nova_structures,40/15,0.62,overworld,keep default,keep,keep,
dungeons-and-taverns,nova_structures:wild_ruin,deco,nova_structures:wild_ruin,27/18,1.37,overworld,keep default,keep,keep,
explorify,explorify:guide_posts,deco,explorify:guide_post_cold;explorify:guide_post_warm,32/10 f=0.75,0.73,overworld,CONFIGURE: whole mod configurable TODAY via Cristel Lib,keep,keep,
explorify,explorify:ruins,deco,explorify:ruins,48/24 f=0.8,0.35,overworld,CONFIGURE: whole mod configurable TODAY via Cristel Lib,keep,keep,
moogs-voyager-structures,mvs:acacia_log_pile,deco,mvs:acacia_log_pile,26/16,1.48,overworld,CONFIGURE: MVS ambient clutter; thin with one global preset (f=0.6) if world feels busy,keep,keep,
moogs-voyager-structures,mvs:acacia_tree,deco,mvs:acacia_tree,18/13,3.09,overworld,CONFIGURE: MVS ambient clutter; thin with one global preset (f=0.6) if world feels busy,keep,keep,
moogs-voyager-structures,mvs:bench,deco,mvs:bench,18/14,3.09,overworld,CONFIGURE: MVS ambient clutter; thin with one global preset (f=0.6) if world feels busy,keep,keep,
moogs-voyager-structures,mvs:big_oak_tree,deco,mvs:big_oak_tree,39/26,0.66,overworld,CONFIGURE: MVS ambient clutter; thin with one global preset (f=0.6) if world feels busy,keep,keep,
moogs-voyager-structures,mvs:birch_log_pile,deco,mvs:birch_log_pile,26/16,1.48,overworld,CONFIGURE: MVS ambient clutter; thin with one global preset (f=0.6) if world feels busy,keep,keep,
moogs-voyager-structures,mvs:birch_tree,deco,mvs:birch_tree,18/13,3.09,overworld,CONFIGURE: MVS ambient clutter; thin with one global preset (f=0.6) if world feels busy,keep,keep,
moogs-voyager-structures,mvs:boulder,deco,mvs:boulder,35/12,0.82,overworld,CONFIGURE: MVS ambient clutter; thin with one global preset (f=0.6) if world feels busy,keep,keep,
moogs-voyager-structures,mvs:cart,deco,mvs:cart,34/26,0.87,overworld,CONFIGURE: MVS ambient clutter; thin with one global preset (f=0.6) if world feels busy,keep,keep,
moogs-voyager-structures,mvs:cherry_tree,deco,mvs:cherry_tree,18/13,3.09,overworld,CONFIGURE: MVS ambient clutter; thin with one global preset (f=0.6) if world feels busy,keep,keep,
moogs-voyager-structures,mvs:dark_oak_log_pile,deco,mvs:dark_oak_log_pile,26/16,1.48,overworld,CONFIGURE: MVS ambient clutter; thin with one global preset (f=0.6) if world feels busy,keep,keep,
moogs-voyager-structures,mvs:dark_oak_tree,deco,mvs:dark_oak_tree,18/13,3.09,overworld,CONFIGURE: MVS ambient clutter; thin with one global preset (f=0.6) if world feels busy,keep,keep,
moogs-voyager-structures,mvs:dead_tree_acacia,deco,mvs:dead_tree_acacia,28/24,1.28,overworld,CONFIGURE: MVS ambient clutter; thin with one global preset (f=0.6) if world feels busy,keep,keep,
moogs-voyager-structures,mvs:dead_tree_birch,deco,mvs:dead_tree_birch,28/24,1.28,overworld,CONFIGURE: MVS ambient clutter; thin with one global preset (f=0.6) if world feels busy,keep,keep,
moogs-voyager-structures,mvs:dead_tree_cherry,deco,mvs:dead_tree_cherry,28/24,1.28,overworld,CONFIGURE: MVS ambient clutter; thin with one global preset (f=0.6) if world feels busy,keep,keep,
moogs-voyager-structures,mvs:dead_tree_dark_oak,deco,mvs:dead_tree_dark_oak,28/24,1.28,overworld,CONFIGURE: MVS ambient clutter; thin with one global preset (f=0.6) if world feels busy,keep,keep,
moogs-voyager-structures,mvs:dead_tree_jungle,deco,mvs:dead_tree_jungle,28/24,1.28,overworld,CONFIGURE: MVS ambient clutter; thin with one global preset (f=0.6) if world feels busy,keep,keep,
moogs-voyager-structures,mvs:dead_tree_mangrove,deco,mvs:dead_tree_mangrove,28/24,1.28,overworld,CONFIGURE: MVS ambient clutter; thin with one global preset (f=0.6) if world feels busy,keep,keep,
moogs-voyager-structures,mvs:dead_tree_oak,deco,mvs:dead_tree_oak,28/24,1.28,overworld,CONFIGURE: MVS ambient clutter; thin with one global preset (f=0.6) if world feels busy,keep,keep,
moogs-voyager-structures,mvs:desert_pump,deco,mvs:desert_pump,32/8,0.98,overworld,CONFIGURE: MVS ambient clutter; thin with one global preset (f=0.6) if world feels busy,keep,keep,
moogs-voyager-structures,mvs:floating_islands,deco,mvs:floating_islands,76/38,0.17,overworld,CONFIGURE: MVS ambient clutter; thin with one global preset (f=0.6) if world feels busy,keep,keep,
moogs-voyager-structures,mvs:flower_hole,deco,mvs:flower_hole,46/28,0.47,overworld,CONFIGURE: MVS ambient clutter; thin with one global preset (f=0.6) if world feels busy,keep,keep,
moogs-voyager-structures,mvs:haystack,deco,mvs:haystack,16/7,3.91,overworld,CONFIGURE: MVS ambient clutter; thin with one global preset (f=0.6) if world feels busy,keep,keep,
moogs-voyager-structures,mvs:jungle_log_pile,deco,mvs:jungle_log_pile,26/16,1.48,overworld,CONFIGURE: MVS ambient clutter; thin with one global preset (f=0.6) if world feels busy,keep,keep,
moogs-voyager-structures,mvs:jungle_palm_tree,deco,mvs:jungle_palm_tree,18/13,3.09,overworld,CONFIGURE: MVS ambient clutter; thin with one global preset (f=0.6) if world feels busy,keep,keep,
moogs-voyager-structures,mvs:jungle_tree,deco,mvs:jungle_tree,18/13,3.09,overworld,CONFIGURE: MVS ambient clutter; thin with one global preset (f=0.6) if world feels busy,keep,keep,
moogs-voyager-structures,mvs:large_cart_1,deco,mvs:large_cart_1,56/20,0.32,overworld,CONFIGURE: MVS ambient clutter; thin with one global preset (f=0.6) if world feels busy,keep,keep,
moogs-voyager-structures,mvs:large_cart_2,deco,mvs:large_cart_2,56/20,0.32,overworld,CONFIGURE: MVS ambient clutter; thin with one global preset (f=0.6) if world feels busy,keep,keep,
moogs-voyager-structures,mvs:large_floating_island,deco,mvs:large_floating_island,65/49,0.24,overworld,CONFIGURE: MVS ambient clutter; thin with one global preset (f=0.6) if world feels busy,keep,keep,
moogs-voyager-structures,mvs:large_mushroom,deco,mvs:large_mushroom,98/36,0.1,overworld,CONFIGURE: MVS ambient clutter; thin with one global preset (f=0.6) if world feels busy,keep,keep,
moogs-voyager-structures,mvs:log_ruin,deco,mvs:log_ruin,55/30,0.33,overworld,CONFIGURE: MVS ambient clutter; thin with one global preset (f=0.6) if world feels busy,keep,keep,
moogs-voyager-structures,mvs:medium_bamboo_cart,deco,mvs:medium_bamboo_cart,12/8,6.94,overworld,CONFIGURE: MVS ambient clutter; thin with one global preset (f=0.6) if world feels busy,keep,keep,
moogs-voyager-structures,mvs:medium_oak_lantern,deco,mvs:medium_oak_lantern,28/24,1.28,overworld,CONFIGURE: MVS ambient clutter; thin with one global preset (f=0.6) if world feels busy,keep,keep,
moogs-voyager-structures,mvs:mushroom_pond,deco,mvs:mushroom_pond,48/12,0.43,overworld,CONFIGURE: MVS ambient clutter; thin with one global preset (f=0.6) if world feels busy,keep,keep,
moogs-voyager-structures,mvs:mushroom_well,deco,mvs:mushroom_well,84/18,0.14,overworld,CONFIGURE: MVS ambient clutter; thin with one global preset (f=0.6) if world feels busy,keep,keep,
moogs-voyager-structures,mvs:oak_log_pile,deco,mvs:oak_log_pile,26/16,1.48,overworld,CONFIGURE: MVS ambient clutter; thin with one global preset (f=0.6) if world feels busy,keep,keep,
moogs-voyager-structures,mvs:oak_tree,deco,mvs:oak_tree,18/13,3.09,overworld,CONFIGURE: MVS ambient clutter; thin with one global preset (f=0.6) if world feels busy,keep,keep,
moogs-voyager-structures,mvs:other_wells,deco,mvs:small_well;mvs:small_copper_well;mvs:small_tower_well;mvs:well;mvs:rare_well;mvs:rocky_well;mvs:,24/18,1.74,overworld,CONFIGURE: MVS ambient clutter; thin with one global preset (f=0.6) if world feels busy,keep,keep,
moogs-voyager-structures,mvs:paths,deco,mvs:paths,35/12,0.82,overworld,CONFIGURE: MVS ambient clutter; thin with one global preset (f=0.6) if world feels busy,keep,keep,
moogs-voyager-structures,mvs:pile,deco,mvs:pile,13/7,5.92,overworld,CONFIGURE: MVS ambient clutter; thin with one global preset (f=0.6) if world feels busy,keep,keep,
moogs-voyager-structures,mvs:railway,deco,mvs:railway,46/27,0.47,overworld,CONFIGURE: MVS ambient clutter; thin with one global preset (f=0.6) if world feels busy,keep,keep,
moogs-voyager-structures,mvs:rare_well,deco,mvs:rare_well,68/38,0.22,overworld,CONFIGURE: MVS ambient clutter; thin with one global preset (f=0.6) if world feels busy,keep,keep,
moogs-voyager-structures,mvs:small_acacia_lantern,deco,mvs:small_acacia_lantern,24/12,1.74,overworld,CONFIGURE: MVS ambient clutter; thin with one global preset (f=0.6) if world feels busy,keep,keep,
moogs-voyager-structures,mvs:small_bamboo_lantern,deco,mvs:small_bamboo_lantern,24/12,1.74,overworld,CONFIGURE: MVS ambient clutter; thin with one global preset (f=0.6) if world feels busy,keep,keep,
moogs-voyager-structures,mvs:small_birch_lantern,deco,mvs:small_birch_lantern,24/12,1.74,overworld,CONFIGURE: MVS ambient clutter; thin with one global preset (f=0.6) if world feels busy,keep,keep,
moogs-voyager-structures,mvs:small_campfire_lantern,deco,mvs:small_campfire_lantern,24/12,1.74,overworld,CONFIGURE: MVS ambient clutter; thin with one global preset (f=0.6) if world feels busy,keep,keep,
moogs-voyager-structures,mvs:small_cherry_lantern,deco,mvs:small_cherry_lantern,24/12,1.74,overworld,CONFIGURE: MVS ambient clutter; thin with one global preset (f=0.6) if world feels busy,keep,keep,
moogs-voyager-structures,mvs:small_dark_oak_lantern,deco,mvs:small_dark_oak_lantern,24/12,1.74,overworld,CONFIGURE: MVS ambient clutter; thin with one global preset (f=0.6) if world feels busy,keep,keep,
moogs-voyager-structures,mvs:small_jungle_lantern,deco,mvs:small_jungle_lantern,24/12,1.74,overworld,CONFIGURE: MVS ambient clutter; thin with one global preset (f=0.6) if world feels busy,keep,keep,
moogs-voyager-structures,mvs:small_mangrove_lantern,deco,mvs:small_mangrove_lantern,24/12,1.74,overworld,CONFIGURE: MVS ambient clutter; thin with one global preset (f=0.6) if world feels busy,keep,keep,
moogs-voyager-structures,mvs:small_oak_lantern,deco,mvs:small_oak_lantern,24/12,1.74,overworld,CONFIGURE: MVS ambient clutter; thin with one global preset (f=0.6) if world feels busy,keep,keep,
moogs-voyager-structures,mvs:small_oak_pond,deco,mvs:small_oak_pond,35/12,0.82,overworld,CONFIGURE: MVS ambient clutter; thin with one global preset (f=0.6) if world feels busy,keep,keep,
moogs-voyager-structures,mvs:small_ruin,deco,mvs:small_ruin,38/26,0.69,overworld,CONFIGURE: MVS ambient clutter; thin with one global preset (f=0.6) if world feels busy,keep,keep,
moogs-voyager-structures,mvs:small_spruce_lantern,deco,mvs:small_spruce_lantern,24/12,1.74,overworld,CONFIGURE: MVS ambient clutter; thin with one global preset (f=0.6) if world feels busy,keep,keep,
moogs-voyager-structures,mvs:snowy_fossil,deco,mvs:snowy_fossil,26/13,1.48,overworld,CONFIGURE: MVS ambient clutter; thin with one global preset (f=0.6) if world feels busy,keep,keep,
moogs-voyager-structures,mvs:spruce_log_pile,deco,mvs:spruce_log_pile,26/16,1.48,overworld,CONFIGURE: MVS ambient clutter; thin with one global preset (f=0.6) if world feels busy,keep,keep,
moogs-voyager-structures,mvs:spruce_tree,deco,mvs:spruce_tree,18/13,3.09,overworld,CONFIGURE: MVS ambient clutter; thin with one global preset (f=0.6) if world feels busy,keep,keep,
moogs-voyager-structures,mvs:stone_pillars,deco,mvs:stone_pillars,42/36,0.57,overworld,CONFIGURE: MVS ambient clutter; thin with one global preset (f=0.6) if world feels busy,keep,keep,
moogs-voyager-structures,mvs:stone_rock,deco,mvs:stone_rock,18/13,3.09,overworld,CONFIGURE: MVS ambient clutter; thin with one global preset (f=0.6) if world feels busy,keep,keep,
moogs-voyager-structures,mvs:wheat_grain_bin,deco,mvs:wheat_grain_bin,26/14,1.48,overworld,keep default,keep,keep,
philips-ruins,philipsruins:ancient_ruins,deco,philipsruins:ancient_ruins,60/30,0.28,overworld,keep default,keep,keep,
philips-ruins,philipsruins:desert_structures,deco,philipsruins:badlands_start_dungeon;philipsruins:badlands_structures;philipsruins:desert_structures,39/15,0.66,overworld,keep default,keep,keep,
philips-ruins,philipsruins:field_stone_ruins,deco,philipsruins:field_stone_ruins,75/35,0.18,overworld,keep default,keep,keep,
philips-ruins,philipsruins:field_stone_ruins_rocks,deco,philipsruins:field_stone_ruins_rocks,40/27,0.62,overworld,keep default,keep,keep,
philips-ruins,philipsruins:level_one_ruins,deco,philipsruins:level_one_ruins,75/40,0.18,overworld,keep default,keep,keep,
philips-ruins,philipsruins:level_three_ruins,deco,philipsruins:level_three_ruins,85/45,0.14,overworld,keep default,keep,keep,
philips-ruins,philipsruins:level_two_ruins,deco,philipsruins:level_two_ruins;philipsruins:level_two_ruins_pool,80/50,0.16,overworld,keep default,keep,keep,
philips-ruins,philipsruins:pumpkin_ruins,deco,philipsruins:pumpkin_ruins,50/40,0.4,overworld,keep default,keep,keep,
philips-ruins,philipsruins:rare_ruin,deco,philipsruins:rare_ruin,360/130,0.01,overworld,keep default,keep,keep,ultra-rare by design (360/130)
structory,structory:mid_rare_ruin,deco,structory:taiga_ruin_surface;structory:taiga_ruin_underground;structory:northern_ruin,30/16 f=0.7,0.78,overworld,keep default,keep,keep,
structory,structory:old_manor,deco,structory:old_manor(3);structory:dense_forest_ruin,42/16,0.57,overworld,keep default,keep,keep,
structory,structory:outcast_villager,deco,structory:abandoned_chapel(5);structory:graveyard(2);structory:abandoned_camp(3);structory:outcast_v,44/14,0.52,overworld,keep default,keep,keep,
structory,structory:ruin,deco,structory:jungle_ruin,30/10,1.11,overworld,keep default,keep,keep,
structory,structory:ruin_quiet,deco,structory:swamp_ruin,23/10,1.89,overworld,keep default,keep,keep,
terralith,terralith:rubble,deco,terralith:rubble_forest;terralith:rubble_taiga;terralith:rubble_jungle;terralith:rubble_mesa;terrali,26/20,1.48,overworld,keep default,keep,keep,
towns-and-towers,towns_and_towers:other,deco,towns_and_towers:mimic_desert;towns_and_towers:wreckage_ocean,32/16,0.98,overworld,keep default,keep,keep,
yungs-better-mineshafts,bettermineshafts:mineshafts,deco,bettermineshafts:mineshaft_acacia;bettermineshafts:mineshaft_desert;bettermineshafts:mineshaft_ice;b,1/0 f=0.003,3.0,overworld,keep default,keep,keep,"chance-per-chunk model (spacing 1, f=0.003) - tune frequency only"
adventure-dungeons,adventuredungeons:bygonedungeon,dungeon,adventuredungeons:bygonedungeon,40/12,0.62,overworld,keep default,EXCLUDE,BOOST ~2x (halve spacing / f=1.0),
adventure-dungeons,adventuredungeons:coldlair,dungeon,adventuredungeons:coldlair,40/12,0.62,overworld,keep default,EXCLUDE,BOOST ~2x (halve spacing / f=1.0),
adventure-dungeons,adventuredungeons:murkydungeon,dungeon,adventuredungeons:murkydungeon,40/12,0.62,overworld,keep default,EXCLUDE,BOOST ~2x (halve spacing / f=1.0),
adventure-dungeons,adventuredungeons:ruins_desert,dungeon,adventuredungeons:ruins_desert,30/10,1.11,overworld,keep default,EXCLUDE,BOOST ~2x (halve spacing / f=1.0),
adventure-dungeons,adventuredungeons:ruins_snow,dungeon,adventuredungeons:ruins_snow,30/10,1.11,overworld,keep default,EXCLUDE,BOOST ~2x (halve spacing / f=1.0),
adventure-dungeons,adventuredungeons:ruins_standard,dungeon,adventuredungeons:ruins_standard,30/10,1.11,overworld,keep default,EXCLUDE,BOOST ~2x (halve spacing / f=1.0),
adventure-dungeons,adventuredungeons:trialrooms,dungeon,adventuredungeons:trialrooms,35/12,0.82,overworld,keep default,EXCLUDE,BOOST ~2x (halve spacing / f=1.0),
adventure-dungeons,adventuredungeons:underground_camp,dungeon,adventuredungeons:underground_camp,35/12,0.82,overworld,keep default,EXCLUDE,BOOST ~2x (halve spacing / f=1.0),
ati-structures-fabricforge,ati_structures:underground_medium,dungeon,ati_structures:underground_monument;ati_structures:spider_nest;ati_structures:wither_cavern,29/20,1.19,overworld,keep default,EXCLUDE,BOOST ~2x (halve spacing / f=1.0),
ati-structures-fabricforge,ati_structures:underground_small,dungeon,ati_structures:underwater_dungeon;ati_structures:silverfish_nest;ati_structures:sculk_deposit;ati_st,10/5,10.0,overworld,CONFIGURE: dense (10/5) incl. sculk/silverfish; suggest f=0.6,EXCLUDE,BOOST ~2x (halve spacing / f=1.0),
deadly-deadly-dungeon,ddd:dddtowers,dungeon,ddd:monolithic_tower;ddd:monolithic_tower,43/32,0.54,overworld,keep default,EXCLUDE,BOOST ~2x (halve spacing / f=1.0),
deadly-deadly-dungeon,ddd:dddungeons,dungeon,ddd:minor_dungeon_plains;ddd:minor_dungeon_plains(7);ddd:spider_lair(2);ddd:minor_dungeon_desert;ddd,50/40,0.4,overworld,keep default,EXCLUDE,BOOST ~2x (halve spacing / f=1.0),
dungeons-and-taverns,minecraft:woodland_mansions,dungeon,minecraft:mansion;nova_structures:illager_manor,80/20,0.16,overworld,keep default,EXCLUDE,BOOST ~2x (halve spacing / f=1.0),"D&T OVERRIDES vanilla set (adds illager_manor, 80/20)"
dungeons-and-taverns,nova_structures:bunker,dungeon,nova_structures:bunker,50/10,0.4,overworld,keep default,EXCLUDE,BOOST ~2x (halve spacing / f=1.0),
dungeons-and-taverns,nova_structures:creeping_crypt,dungeon,nova_structures:creeping_crypt,100/10,0.1,overworld,keep default,EXCLUDE,BOOST ~2x (halve spacing / f=1.0),
dungeons-and-taverns,nova_structures:illager_camp,dungeon,nova_structures:illager_camp,50/32,0.4,overworld,keep default,EXCLUDE,BOOST ~2x (halve spacing / f=1.0),
dungeons-and-taverns,nova_structures:illager_hideout,dungeon,nova_structures:illager_hideout,200/12,0.03,overworld,keep default,EXCLUDE,BOOST ~2x (halve spacing / f=1.0),
dungeons-and-taverns,nova_structures:mangrove_witch_hut,dungeon,nova_structures:mangrove_witch_hut,32/8,0.98,overworld,keep default,EXCLUDE,BOOST ~2x (halve spacing / f=1.0),
dungeons-and-taverns,nova_structures:stray_fort,dungeon,nova_structures:stray_fort(9);nova_structures:lone_citadel,100/16,0.1,overworld,keep default,EXCLUDE,BOOST ~2x (halve spacing / f=1.0),
dungeons-and-taverns,nova_structures:swamp_structure,dungeon,nova_structures:witch_villa(3);nova_structures:toxic_lair,80/20,0.16,overworld,keep default,EXCLUDE,BOOST ~2x (halve spacing / f=1.0),
dungeons-and-taverns,nova_structures:trident_trial_monument,dungeon,nova_structures:trident_trial_monument,200/190,0.03,overworld,keep default,EXCLUDE,BOOST ~2x (halve spacing / f=1.0),
dungeons-and-taverns,nova_structures:undead_crypt,dungeon,nova_structures:undead_crypt,100/20,0.1,overworld,keep default,EXCLUDE,BOOST ~2x (halve spacing / f=1.0),
dungeonsplus,dungeons_plus:dungeons,dungeon,dungeons_plus:mouldy_dungeon(20);dungeons_plus:muddy_dungeon(20);dungeons_plus:infested_dungeon(20);,8/3 f=0.9,14.06,overworld,CONFIGURE: densest hostile set (8/3 f=0.9); suggest f=0.5,EXCLUDE,BOOST ~2x (halve spacing / f=1.0),
dungeonsplus,dungeons_plus:ruins,dungeon,dungeons_plus:dungeon_ruins,18/10 f=0.5,1.54,overworld,keep default,EXCLUDE,BOOST ~2x (halve spacing / f=1.0),
dungeonsreborn,dungeons_reborn:(placed features),dungeon,dungeons via placed_feature - not structure-set tunable,/,,overworld,keep default,EXCLUDE,BOOST ~2x (halve spacing / f=1.0),NOT structure-set tunable; override its placed_feature JSONs
epic-structures-dungeons,epic:large_dungeons,dungeon,epic:large_dungeon;epic:large_ice_dungeon;epic:large_sand_dungeon,61/60,0.27,overworld,keep default,EXCLUDE,BOOST ~2x (halve spacing / f=1.0),
epic-structures-dungeons,epic:medium_dungeons,dungeon,epic:medium_sand_dungeon;epic:medium_ice_dungeon;epic:medium_plains_dungeon,45/31,0.49,overworld,keep default,EXCLUDE,BOOST ~2x (halve spacing / f=1.0),
epic-structures-dungeons,epic:small_dungeons,dungeon,epic:small_ice_dungeon;epic:small_plains_dungeon;epic:small_sand_dungeon,31/4,1.04,overworld,keep default,EXCLUDE,BOOST ~2x (halve spacing / f=1.0),
minecraft,minecraft:ancient_cities,dungeon,minecraft:ancient_city,24/8,1.74,overworld,CONFIGURE: exclude from peaceful dims,EXCLUDE,BOOST ~2x (halve spacing / f=1.0),
minecraft,minecraft:pillager_outposts,dungeon,minecraft:pillager_outpost,32/8,0.98,overworld,keep default,EXCLUDE,BOOST ~2x (halve spacing / f=1.0),
minecraft,minecraft:trial_chambers,dungeon,minecraft:trial_chambers,34/12,0.87,overworld,"CONFIGURE: the vanilla ""chambers"" to exclude from peaceful dims",EXCLUDE,BOOST ~2x (halve spacing / f=1.0),
moogs-voyager-structures,mvs:gallows,dungeon,mvs:gallows,36/28,0.77,overworld,keep default,EXCLUDE,BOOST ~2x (halve spacing / f=1.0),
moogs-voyager-structures,mvs:small_pillager_tower,dungeon,mvs:small_pillager_tower,34/28,0.87,overworld,keep default,EXCLUDE,BOOST ~2x (halve spacing / f=1.0),
moogs-voyager-structures,mvs:villager_statue,dungeon,mvs:villager_statue,56/40,0.32,overworld,keep default,EXCLUDE,BOOST ~2x (halve spacing / f=1.0),
mtr-moogs-temples-reimagined,mtr:stronghold,dungeon,mtr:stronghold,150/90,0.04,overworld,keep default,EXCLUDE,BOOST ~2x (halve spacing / f=1.0),
philips-ruins,philipsruins:ancient_crypt,dungeon,philipsruins:ancient_crypt,80/50,0.16,overworld,keep default,EXCLUDE,BOOST ~2x (halve spacing / f=1.0),
philips-ruins,philipsruins:ancient_dungeon,dungeon,philipsruins:ancient_dungeon,10/3,10.0,overworld,CONFIGURE: very dense (10/3); suggest 20/8 or f=0.5,EXCLUDE,BOOST ~2x (halve spacing / f=1.0),
philips-ruins,philipsruins:antiquus_crypta,dungeon,philipsruins:antiquus_crypta,90/40,0.12,overworld,keep default,EXCLUDE,BOOST ~2x (halve spacing / f=1.0),
philips-ruins,philipsruins:lost_soul_city,dungeon,philipsruins:lost_soul_city,80/65,0.16,overworld,keep default,EXCLUDE,BOOST ~2x (halve spacing / f=1.0),
philips-ruins,philipsruins:ocean_fortress_main,dungeon,philipsruins:ocean_fortress,70/50,0.2,overworld,keep default,EXCLUDE,BOOST ~2x (halve spacing / f=1.0),
philips-ruins,philipsruins:underground_structures,dungeon,philipsruins:lost_soul_dungeon;philipsruins:bone_dungeon;philipsruins:underground_structures;philips,60/35,0.28,overworld,keep default,EXCLUDE,BOOST ~2x (halve spacing / f=1.0),
terralith,terralith:rare_dungeon,dungeon,terralith:spire,36/28,0.77,overworld,keep default,EXCLUDE,BOOST ~2x (halve spacing / f=1.0),
terralith,terralith:underground_dungeon,dungeon,terralith:underground/frosted_dungeon,9/6,12.35,overworld,CONFIGURE: dense (9/6); suggest f=0.6,EXCLUDE,BOOST ~2x (halve spacing / f=1.0),
towns-and-towers,towns_and_towers:towers,dungeon,towns_and_towers:pillager_outpost_badlands(5);towns_and_towers:pillager_outpost_beach(5);towns_and_t,48/12 f=0.2,0.09,overworld,CONFIGURE: configurable TODAY via Cristel Lib; hostile outposts,EXCLUDE,BOOST ~2x (halve spacing / f=1.0),
when-dungeons-arise,dungeons_arise:major_structures,dungeon,dungeons_arise:bandit_village;dungeons_arise:ceryneian_hind;dungeons_arise:coliseum;dungeons_arise:h,50/45,0.4,overworld,"CONFIGURE: flagship mega-dungeons; suggest global f=0.8, hard dims 30/20",EXCLUDE,BOOST ~2x (halve spacing / f=1.0),
yungs-better-desert-temples,betterdeserttemples:desert_temples,dungeon,betterdeserttemples:desert_temple,30/20,1.11,overworld,keep default,EXCLUDE,BOOST ~2x (halve spacing / f=1.0),custom placement type
yungs-better-dungeons,betterdungeons:skeleton_dungeons,dungeon,betterdungeons:skeleton_dungeon,46/23,0.47,overworld,keep default,EXCLUDE,BOOST ~2x (halve spacing / f=1.0),
yungs-better-dungeons,betterdungeons:small_dungeons,dungeon,betterdungeons:small_dungeon,10/6,10.0,overworld,CONFIGURE: very dense (10/6); suggest f=0.6 if dungeons feel constant,EXCLUDE,BOOST ~2x (halve spacing / f=1.0),
yungs-better-dungeons,betterdungeons:spider_dungeons,dungeon,betterdungeons:spider_dungeon,44/22,0.52,overworld,keep default,EXCLUDE,BOOST ~2x (halve spacing / f=1.0),
yungs-better-dungeons,betterdungeons:zombie_dungeons,dungeon,betterdungeons:zombie_dungeon,48/24,0.43,overworld,keep default,EXCLUDE,BOOST ~2x (halve spacing / f=1.0),
yungs-better-jungle-temples,betterjungletemples:jungle_temples,dungeon,betterjungletemples:jungle_temple,24/8,1.74,overworld,keep default,EXCLUDE,BOOST ~2x (halve spacing / f=1.0),custom placement type
yungs-better-nether-fortresses,betterfortresses:fortress,dungeon,betterfortresses:fortress,30/20,1.11,overworld,keep default,EXCLUDE,BOOST ~2x (halve spacing / f=1.0),custom placement type yungsapi:enhanced_random_spread
yungs-better-ocean-monuments,betteroceanmonuments:ocean_monument,dungeon,betteroceanmonuments:ocean_monument,50/20,0.4,overworld,keep default,EXCLUDE,BOOST ~2x (halve spacing / f=1.0),
yungs-better-strongholds,betterstrongholds:stronghold,dungeon,betterstrongholds:stronghold,85/50,0.14,overworld,keep default,EXCLUDE,BOOST ~2x (halve spacing / f=1.0),custom placement type betterstrongholds:stronghold
yungs-better-witch-huts,betterwitchhuts:witch_circle,dungeon,betterwitchhuts:witch_circle,40/10,0.62,overworld,keep default,EXCLUDE,BOOST ~2x (halve spacing / f=1.0),
yungs-better-witch-huts,betterwitchhuts:witch_hut,dungeon,betterwitchhuts:witch_hut,30/8,1.11,overworld,keep default,EXCLUDE,BOOST ~2x (halve spacing / f=1.0),
ati-structures-fabricforge,ati_structures:aboveground_large,landmark,ati_structures:ancient_temple;ati_structures:desert_outpost;ati_structures:fortified_temple;ati_stru,80/70,0.16,overworld,keep default,keep RARE (f=0.3),keep default,
ati-structures-fabricforge,ati_structures:aboveground_medium,landmark,ati_structures:dark_tower;ati_structures:dojo;ati_structures:monastery_tower;ati_structures:small_ke,70/25,0.2,overworld,keep default,keep RARE (f=0.3),keep default,
ati-structures-fabricforge,ati_structures:rare,landmark,ati_structures:gnome_hut;ati_structures:warden_monument;ati_structures:ancient_vessel,150/125,0.04,overworld,keep default,keep RARE (f=0.3),keep default,
dungeons-and-taverns,nova_structures:shrine_tower,landmark,nova_structures:shrine_tower,600/312,0.0,overworld,keep default,keep RARE (f=0.3),keep default,ultra-rare by design (600/312) - leave alone
explorify,explorify:badlands_pyramids,landmark,explorify:badlands_pyramid,32/12 f=0.75,0.73,overworld,CONFIGURE: whole mod configurable TODAY via Cristel Lib,keep RARE (f=0.3),keep default,
explorify,explorify:black_spirals,landmark,explorify:black_spiral,40/18 f=1.0,0.62,overworld,CONFIGURE: whole mod configurable TODAY via Cristel Lib,keep RARE (f=0.3),keep default,
explorify,explorify:desert_shrines,landmark,explorify:desert_shrine,24/8 f=1.0,1.74,overworld,CONFIGURE: whole mod configurable TODAY via Cristel Lib,keep RARE (f=0.3),keep default,
explorify,explorify:mausoleums,landmark,explorify:mausoleum,48/16 f=0.8,0.35,overworld,CONFIGURE: whole mod configurable TODAY via Cristel Lib,keep RARE (f=0.3),keep default,
explorify,explorify:watchtowers,landmark,explorify:watchtower/plains;explorify:watchtower/taiga;explorify:watchtower/savanna,48/24 f=0.75,0.33,overworld,CONFIGURE: whole mod configurable TODAY via Cristel Lib,keep RARE (f=0.3),keep default,
moogs-voyager-structures,mvs:cartographer_tower,landmark,mvs:cartographer_tower,83/46,0.15,overworld,keep default,keep RARE (f=0.3),keep default,
moogs-voyager-structures,mvs:castle_ruins,landmark,mvs:castle_ruins,45/30,0.49,overworld,keep default,keep RARE (f=0.3),keep default,
moogs-voyager-structures,mvs:cathedral,landmark,mvs:cathedral,105/98,0.09,overworld,keep default,keep RARE (f=0.3),keep default,
moogs-voyager-structures,mvs:crystal,landmark,mvs:crystal,112/62,0.08,overworld,keep default,keep RARE (f=0.3),keep default,
moogs-voyager-structures,mvs:diorite_tower,landmark,mvs:diorite_tower,50/38,0.4,overworld,keep default,keep RARE (f=0.3),keep default,
moogs-voyager-structures,mvs:duck,landmark,mvs:duck,94/46,0.11,overworld,keep default,keep RARE (f=0.3),keep default,
moogs-voyager-structures,mvs:jungle_tower,landmark,mvs:jungle_tower,96/80,0.11,overworld,keep default,keep RARE (f=0.3),keep default,
moogs-voyager-structures,mvs:large_warped_tower,landmark,mvs:large_warped_tower,51/28,0.38,overworld,keep default,keep RARE (f=0.3),keep default,
moogs-voyager-structures,mvs:mushroom_statue,landmark,mvs:mushroom_statue,92/16,0.12,overworld,keep default,keep RARE (f=0.3),keep default,
moogs-voyager-structures,mvs:red_tower,landmark,mvs:red_tower,76/14,0.17,overworld,keep default,keep RARE (f=0.3),keep default,
moogs-voyager-structures,mvs:small_tower_well,landmark,mvs:small_tower_well,23/15,1.89,overworld,keep default,keep RARE (f=0.3),keep default,
moogs-voyager-structures,mvs:statue_ruins,landmark,mvs:statue_ruins,38/30,0.69,overworld,keep default,keep RARE (f=0.3),keep default,
moogs-voyager-structures,mvs:stone_fountain,landmark,mvs:stone_fountain,36/12,0.77,overworld,keep default,keep RARE (f=0.3),keep default,
moogs-voyager-structures,mvs:sunzi_gate,landmark,mvs:sunzi_gate,54/20,0.34,overworld,keep default,keep RARE (f=0.3),keep default,
moogs-voyager-structures,mvs:tree_monument,landmark,mvs:tree_monument,76/65,0.17,overworld,keep default,keep RARE (f=0.3),keep default,
mtr-moogs-temples-reimagined,mtr:badlands_temple,landmark,mtr:badlands_temple,55/6,0.33,overworld,keep default,keep RARE (f=0.3),keep default,
mtr-moogs-temples-reimagined,mtr:desert_temple,landmark,mtr:desert_temple,50/8,0.4,overworld,keep default,keep RARE (f=0.3),keep default,
mtr-moogs-temples-reimagined,mtr:jungle_temple,landmark,mtr:jungle_temple,50/30,0.4,overworld,keep default,keep RARE (f=0.3),keep default,
philips-ruins,philipsruins:ancient_towers,landmark,philipsruins:ancient_towers,50/40,0.4,overworld,keep default,keep RARE (f=0.3),keep default,
structory-towers,structory_towers:rare_towers,landmark,structory_towers:sacred_relic_temple;structory_towers:quarter_outpost;structory_towers:mirage_outpos,55/16 f=0.625,0.21,overworld,keep default,keep RARE (f=0.3),keep default,
structory-towers,structory_towers:towers,landmark,structory_towers:ancient_temple;structory_towers:engineer_tower;structory_towers:farmer_outpost;stru,40/10 f=0.725,0.45,overworld,keep default,keep RARE (f=0.3),keep default,
structory-towers,structory_towers:ultra_rare_towers,landmark,structory_towers:warped_greatsword,80/42 f=0.675,0.11,overworld,keep default,keep RARE (f=0.3),keep default,
terralith,terralith:mage,landmark,terralith:mage_tower;terralith:mage_complex;terralith:mage_tower_summer;terralith:mage_tower_autumn;,28/16,1.28,overworld,keep default,keep RARE (f=0.3),keep default,
dungeons-and-taverns,nova_structures:shrines,loot,nova_structures:shrine_combat_tier_1(20);nova_structures:shrine_combat_tier_2(20);nova_structures:sh,50/26,0.4,overworld,keep default,keep RARE (f=0.5),BOOST (reward density),
explorify,explorify:supply_caches,loot,explorify:supply_cache/birch;explorify:supply_cache/dark;explorify:supply_cache/desert;explorify:sup,32/20 f=0.75,0.73,overworld,CONFIGURE: whole mod configurable TODAY via Cristel Lib,keep RARE (f=0.5),BOOST (reward density),
moogs-voyager-structures,mvs:crimson_enchanting_table,loot,mvs:crimson_enchanting_table,77/58,0.17,overworld,keep default,keep RARE (f=0.5),BOOST (reward density),
moogs-voyager-structures,mvs:lamp_chest,loot,mvs:lamp_chest,45/14,0.49,overworld,keep default,keep RARE (f=0.5),BOOST (reward density),
moogs-voyager-structures,mvs:lecturn_garden,loot,mvs:lecturn_garden,36/16,0.77,overworld,keep default,keep RARE (f=0.5),BOOST (reward density),
moogs-voyager-structures,mvs:ruined_beacon,loot,mvs:ruined_beacon,75/60,0.18,overworld,keep default,keep RARE (f=0.5),BOOST (reward density),
dungeons-and-taverns,nova_structures:conduit_ruin,maritime,nova_structures:conduit_ruin,140/90,0.05,overworld,keep default,keep RARE (f=0.3),keep default,
minecraft,minecraft:shipwrecks,maritime,minecraft:shipwreck;minecraft:shipwreck_beached,24/4,1.74,overworld,keep default,keep RARE (f=0.3),keep default,
moogs-voyager-structures,mvs:ocean_tower,maritime,mvs:ocean_tower,35/20,0.82,overworld,keep default,keep RARE (f=0.3),keep default,
moogs-voyager-structures,mvs:small_ship,maritime,mvs:small_ship,34/28,0.87,overworld,keep default,keep RARE (f=0.3),keep default,
mtr-moogs-temples-reimagined,mtr:ocean_temple,maritime,mtr:ocean_temple,60/30,0.28,overworld,keep default,keep RARE (f=0.3),keep default,
philips-ruins,philipsruins:ocean_ruins,maritime,philipsruins:ocean_ruins,50/40,0.4,overworld,keep default,keep RARE (f=0.3),keep default,
ati-structures-fabricforge,ati_structures:aboveground_small,settlement,ati_structures:deepslate_keep;ati_structures:haunted_ruin;ati_structures:ice_tribe;ati_structures:no,29/5,1.19,overworld,keep default,keep RARE (f=0.3 or 2x spacing),keep rare (survivor enclaves),
dungeons-and-taverns,nova_structures:badlands_miner_outpost,settlement,nova_structures:badlands_miner_outpost,60/12,0.28,overworld,keep default,keep RARE (f=0.3 or 2x spacing),keep rare (survivor enclaves),
dungeons-and-taverns,nova_structures:badlands_miner_outpost_mineshafts,settlement,minecraft:mineshaft_mesa,60/12,0.28,overworld,keep default,keep RARE (f=0.3 or 2x spacing),keep rare (survivor enclaves),
dungeons-and-taverns,nova_structures:deepslate_camp,settlement,nova_structures:deepslate_camp,15/7,4.44,overworld,CONFIGURE: dense (15/7); suggest f=0.7,keep RARE (f=0.3 or 2x spacing),keep rare (survivor enclaves),
dungeons-and-taverns,nova_structures:firewatch_towers,settlement,nova_structures:firewatch_tower_birch;nova_structures:firewatch_tower_cherry;nova_structures:firewat,50/15,0.4,overworld,keep default,keep RARE (f=0.3 or 2x spacing),keep rare (survivor enclaves),
dungeons-and-taverns,nova_structures:ruin_town,settlement,nova_structures:ruin_town,72/30,0.19,overworld,keep default,keep RARE (f=0.3 or 2x spacing),keep rare (survivor enclaves),
dungeons-and-taverns,nova_structures:taverns,settlement,nova_structures:tavern_acacia;nova_structures:tavern_birch;nova_structures:tavern_cherry;nova_struct,40/15,0.62,overworld,keep default,keep RARE (f=0.3 or 2x spacing),keep rare (survivor enclaves),
dungeons-and-taverns,nova_structures:underground_house,settlement,nova_structures:underground_house,20/10,2.5,overworld,keep default,keep RARE (f=0.3 or 2x spacing),keep rare (survivor enclaves),
dungeons-and-taverns,nova_structures:villages_birch,settlement,nova_structures:village_birch,34/8,0.87,overworld,keep default,keep RARE (f=0.3 or 2x spacing),keep rare (survivor enclaves),
dungeons-and-taverns,nova_structures:villages_jungle,settlement,nova_structures:village_jungle,34/8,0.87,overworld,keep default,keep RARE (f=0.3 or 2x spacing),keep rare (survivor enclaves),
dungeons-and-taverns,nova_structures:villages_swamp,settlement,nova_structures:village_swamp,34/8,0.87,overworld,keep default,keep RARE (f=0.3 or 2x spacing),keep rare (survivor enclaves),
explorify,explorify:campsites,settlement,explorify:campsite,32/16 f=0.8,0.78,overworld,CONFIGURE: whole mod configurable TODAY via Cristel Lib,keep RARE (f=0.3 or 2x spacing),keep rare (survivor enclaves),
explorify,explorify:dark_forest_settlements,settlement,explorify:dark_forest_settlement,32/16 f=0.8,0.78,overworld,CONFIGURE: whole mod configurable TODAY via Cristel Lib,keep RARE (f=0.3 or 2x spacing),keep rare (survivor enclaves),
explorify,explorify:farmsteads,settlement,explorify:farmstead,38/28 f=0.8,0.55,overworld,CONFIGURE: whole mod configurable TODAY via Cristel Lib,keep RARE (f=0.3 or 2x spacing),keep rare (survivor enclaves),
explorify,explorify:mangrove_huts,settlement,explorify:mangrove_hut,28/12 f=1.0,1.28,overworld,CONFIGURE: whole mod configurable TODAY via Cristel Lib,keep RARE (f=0.3 or 2x spacing),keep rare (survivor enclaves),
explorify,explorify:taverns,settlement,explorify:tavern,36/18 f=0.8,0.62,overworld,CONFIGURE: whole mod configurable TODAY via Cristel Lib,keep RARE (f=0.3 or 2x spacing),keep rare (survivor enclaves),
minecraft,minecraft:villages,settlement,minecraft:village_*,34/8,0.87,overworld,"CONFIGURE: the ""rare villages"" for peaceful dims (keep-rare, not exclude)",keep RARE (f=0.3 or 2x spacing),keep rare (survivor enclaves),
moogs-voyager-structures,mvs:azelea_house,settlement,mvs:azelea_house,35/31,0.82,overworld,keep default,keep RARE (f=0.3 or 2x spacing),keep rare (survivor enclaves),
moogs-voyager-structures,mvs:barn,settlement,mvs:barn,31/26,1.04,overworld,keep default,keep RARE (f=0.3 or 2x spacing),keep rare (survivor enclaves),
moogs-voyager-structures,mvs:beach_bar,settlement,mvs:beach_bar,48/20,0.43,overworld,keep default,keep RARE (f=0.3 or 2x spacing),keep rare (survivor enclaves),
moogs-voyager-structures,mvs:bee_dome,settlement,mvs:bee_dome,34/12,0.87,overworld,keep default,keep RARE (f=0.3 or 2x spacing),keep rare (survivor enclaves),
moogs-voyager-structures,mvs:campsite,settlement,mvs:campsite,37/30,0.73,overworld,keep default,keep RARE (f=0.3 or 2x spacing),keep rare (survivor enclaves),
moogs-voyager-structures,mvs:deepslate_house,settlement,mvs:deepslate_house,42/34,0.57,overworld,keep default,keep RARE (f=0.3 or 2x spacing),keep rare (survivor enclaves),
moogs-voyager-structures,mvs:desert_house,settlement,mvs:desert_house,48/22,0.43,overworld,keep default,keep RARE (f=0.3 or 2x spacing),keep rare (survivor enclaves),
moogs-voyager-structures,mvs:diorite_and_deepslate_house,settlement,mvs:diorite_and_deepslate_house,44/34,0.52,overworld,keep default,keep RARE (f=0.3 or 2x spacing),keep rare (survivor enclaves),
moogs-voyager-structures,mvs:fire_camp,settlement,mvs:fire_camp,32/17,0.98,overworld,keep default,keep RARE (f=0.3 or 2x spacing),keep rare (survivor enclaves),
moogs-voyager-structures,mvs:fox_hut,settlement,mvs:fox_hut,48/8,0.43,overworld,keep default,keep RARE (f=0.3 or 2x spacing),keep rare (survivor enclaves),
moogs-voyager-structures,mvs:horse_campsite,settlement,mvs:horse_campsite,19/17,2.77,overworld,keep default,keep RARE (f=0.3 or 2x spacing),keep rare (survivor enclaves),
moogs-voyager-structures,mvs:horse_pen,settlement,mvs:horse_pen,38/26,0.69,overworld,keep default,keep RARE (f=0.3 or 2x spacing),keep rare (survivor enclaves),
moogs-voyager-structures,mvs:house,settlement,mvs:house,38/31,0.69,overworld,keep default,keep RARE (f=0.3 or 2x spacing),keep rare (survivor enclaves),
moogs-voyager-structures,mvs:medium_igloo_1,settlement,mvs:medium_igloo_1,27/21,1.37,overworld,keep default,keep RARE (f=0.3 or 2x spacing),keep rare (survivor enclaves),
moogs-voyager-structures,mvs:mine_with_campsite,settlement,mvs:mine_with_campsite,48/31,0.43,overworld,keep default,keep RARE (f=0.3 or 2x spacing),keep rare (survivor enclaves),
moogs-voyager-structures,mvs:mud_brick_house_1,settlement,mvs:mud_brick_house_1,46/32,0.47,overworld,keep default,keep RARE (f=0.3 or 2x spacing),keep rare (survivor enclaves),
moogs-voyager-structures,mvs:out_house,settlement,mvs:out_house,48/30,0.43,overworld,keep default,keep RARE (f=0.3 or 2x spacing),keep rare (survivor enclaves),
moogs-voyager-structures,mvs:prismarine_house_1,settlement,mvs:prismarine_house_1,44/32,0.52,overworld,keep default,keep RARE (f=0.3 or 2x spacing),keep rare (survivor enclaves),
moogs-voyager-structures,mvs:prismarine_house_2,settlement,mvs:prismarine_house_2,44/32,0.52,overworld,keep default,keep RARE (f=0.3 or 2x spacing),keep rare (survivor enclaves),
moogs-voyager-structures,mvs:shed,settlement,mvs:shed,38/23,0.69,overworld,keep default,keep RARE (f=0.3 or 2x spacing),keep rare (survivor enclaves),
moogs-voyager-structures,mvs:small_igloo,settlement,mvs:small_igloo,31/26,1.04,overworld,keep default,keep RARE (f=0.3 or 2x spacing),keep rare (survivor enclaves),
moogs-voyager-structures,mvs:small_swamp_house,settlement,mvs:small_swamp_house,78/20,0.16,overworld,keep default,keep RARE (f=0.3 or 2x spacing),keep rare (survivor enclaves),
moogs-voyager-structures,mvs:snowy_dog_hut,settlement,mvs:snowy_dog_hut,28/24,1.28,overworld,keep default,keep RARE (f=0.3 or 2x spacing),keep rare (survivor enclaves),
moogs-voyager-structures,mvs:stalls,settlement,mvs:red_stall;mvs:orange_stall;mvs:pink_stall;mvs:blue_stall,32/16,0.98,overworld,keep default,keep RARE (f=0.3 or 2x spacing),keep rare (survivor enclaves),
moogs-voyager-structures,mvs:tall_house,settlement,mvs:tall_house,42/34,0.57,overworld,keep default,keep RARE (f=0.3 or 2x spacing),keep rare (survivor enclaves),
moogs-voyager-structures,mvs:warped_house,settlement,mvs:warped_house,48/30,0.43,overworld,keep default,keep RARE (f=0.3 or 2x spacing),keep rare (survivor enclaves),
moogs-voyager-structures,mvs:windmill,settlement,mvs:windmill,26/14,1.48,overworld,keep default,keep RARE (f=0.3 or 2x spacing),keep rare (survivor enclaves),
moogs-voyager-structures,mvs:wooden_wheat_farm,settlement,mvs:wooden_wheat_farm,26/14,1.48,overworld,keep default,keep RARE (f=0.3 or 2x spacing),keep rare (survivor enclaves),
terralith,terralith:rare_village,settlement,terralith:fortified_village;terralith:fortified_desert_village,46/18,0.47,overworld,keep default,keep RARE (f=0.3 or 2x spacing),keep rare (survivor enclaves),
terralith,terralith:regular,settlement,terralith:witch_hut;terralith:desert_outpost;terralith:valley_lodge;terralith:glacial_hut;terralith:,27/15,1.37,overworld,keep default,keep RARE (f=0.3 or 2x spacing),keep rare (survivor enclaves),
terralith,terralith:underground,settlement,terralith:underground/oak_cabin(11);terralith:underground/giant_bee_hive(2);terralith:underground/mi,11/3,8.26,overworld,CONFIGURE: dense underground clutter (11/3); suggest f=0.7,keep RARE (f=0.3 or 2x spacing),keep rare (survivor enclaves),
towns-and-towers,towns_and_towers:towns,settlement,towns_and_towers:village_badlands(5);towns_and_towers:village_beach(5);towns_and_towers:village_birc,51/12,0.38,overworld,CONFIGURE: configurable TODAY via Cristel Lib (config/towns_and_towers),keep RARE (f=0.3 or 2x spacing),keep rare (survivor enclaves),
when-dungeons-arise,dungeons_arise:minor_structures,settlement,dungeons_arise:fishing_hut;dungeons_arise:wishing_well;dungeons_arise:jungle_tree_house;dungeons_ari,45/40,0.49,overworld,keep default,keep RARE (f=0.3 or 2x spacing),keep rare (survivor enclaves),
mss-moogs-soaring-structures,mss:birch_river,deco,mss:birch_river,96/34,0.11,sky+overworld,keep default,keep,keep,
mss-moogs-soaring-structures,mss:cherry_river,deco,mss:cherry_river,53/17,0.36,sky+overworld,keep default,keep,keep,
mss-moogs-soaring-structures,mss:desert_well,deco,mss:desert_well,66/15,0.23,sky+overworld,keep default,keep,keep,
mss-moogs-soaring-structures,mss:frozen_pond,deco,mss:frozen_pond,94/31,0.11,sky+overworld,keep default,keep,keep,
mss-moogs-soaring-structures,mss:jungle,deco,mss:jungle,72/36,0.19,sky+overworld,keep default,keep,keep,
mss-moogs-soaring-structures,mss:leaf_hollow,deco,mss:leaf_hollow,104/62,0.09,sky+overworld,keep default,keep,keep,
mss-moogs-soaring-structures,mss:mangrove,deco,mss:mangrove,68/32,0.22,sky+overworld,keep default,keep,keep,
mss-moogs-soaring-structures,mss:muddy_water_hole,deco,mss:muddy_water_hole,132/72,0.06,sky+overworld,keep default,keep,keep,
mss-moogs-soaring-structures,mss:mushroom,deco,mss:mushroom,124/48,0.07,sky+overworld,keep default,keep,keep,
mss-moogs-soaring-structures,mss:palm_island,deco,mss:palm_island,102/46,0.1,sky+overworld,keep default,keep,keep,
mss-moogs-soaring-structures,mss:red_sand,deco,mss:red_sand,142/72,0.05,sky+overworld,keep default,keep,keep,
mss-moogs-soaring-structures,mss:small_pond,deco,mss:small_pond,92/18,0.12,sky+overworld,keep default,keep,keep,
mss-moogs-soaring-structures,mss:taiga,deco,mss:taiga,95/42,0.11,sky+overworld,keep default,keep,keep,
mss-moogs-soaring-structures,mss:tree_1,deco,mss:tree_1,147/73,0.05,sky+overworld,keep default,keep,keep,
mss-moogs-soaring-structures,mss:tree_2,deco,mss:tree_2,148/74,0.05,sky+overworld,keep default,keep,keep,
mss-moogs-soaring-structures,mss:tree_3,deco,mss:tree_3,176/68,0.03,sky+overworld,keep default,keep,keep,
mss-moogs-soaring-structures,mss:tree_4,deco,mss:tree_4,159/82,0.04,sky+overworld,keep default,keep,keep,
mss-moogs-soaring-structures,mss:tree_5,deco,mss:tree_5,175/99,0.03,sky+overworld,keep default,keep,keep,
mss-moogs-soaring-structures,mss:tree_6,deco,mss:tree_6,182/67,0.03,sky+overworld,keep default,keep,keep,
mss-moogs-soaring-structures,mss:tree_7,deco,mss:tree_7,186/82,0.03,sky+overworld,keep default,keep,keep,
mss-moogs-soaring-structures,mss:tree_8,deco,mss:tree_8,156/64,0.04,sky+overworld,keep default,keep,keep,
mss-moogs-soaring-structures,mss:arena,dungeon,mss:arena,158/92,0.04,sky+overworld,keep default,EXCLUDE,BOOST ~2x (halve spacing / f=1.0),MSS floating sky builds - ideal for the_shattered_skies
mss-moogs-soaring-structures,mss:castle_ruin,landmark,mss:castle_ruin,107/56,0.09,sky+overworld,keep default,keep RARE (f=0.3),keep default,
mss-moogs-soaring-structures,mss:castle_tower,landmark,mss:castle_tower,114/52,0.08,sky+overworld,keep default,keep RARE (f=0.3),keep default,
mss-moogs-soaring-structures,mss:desert_pyramid,landmark,mss:desert_pyramid,80/42,0.16,sky+overworld,keep default,keep RARE (f=0.3),keep default,
mss-moogs-soaring-structures,mss:large_tower,landmark,mss:large_tower,140/96,0.05,sky+overworld,keep default,keep RARE (f=0.3),keep default,
mss-moogs-soaring-structures,mss:small_tower,landmark,mss:small_tower,108/46,0.09,sky+overworld,keep default,keep RARE (f=0.3),keep default,
mss-moogs-soaring-structures,mss:volcano,landmark,mss:volcano,158/78,0.04,sky+overworld,keep default,keep RARE (f=0.3),keep default,
mss-moogs-soaring-structures,mss:calcite_house,settlement,mss:calcite_house,68/27,0.22,sky+overworld,keep default,keep RARE (f=0.3 or 2x spacing),keep rare (survivor enclaves),
mss-moogs-soaring-structures,mss:diorite_house,settlement,mss:diorite_house,156/97,0.04,sky+overworld,keep default,keep RARE (f=0.3 or 2x spacing),keep rare (survivor enclaves),
mss-moogs-soaring-structures,mss:small_deepslate_house,settlement,mss:small_deepslate_house,124/36,0.07,sky+overworld,keep default,keep RARE (f=0.3 or 2x spacing),keep rare (survivor enclaves),
mss-moogs-soaring-structures,mss:small_oak_house,settlement,mss:small_oak_house,105/35,0.09,sky+overworld,keep default,keep RARE (f=0.3 or 2x spacing),keep rare (survivor enclaves),
mss-moogs-soaring-structures,mss:spruce_huts,settlement,mss:spruce_huts,134/48,0.06,sky+overworld,keep default,keep RARE (f=0.3 or 2x spacing),keep rare (survivor enclaves),
mss-moogs-soaring-structures,mss:white_house,settlement,mss:white_house,145/92,0.05,sky+overworld,keep default,keep RARE (f=0.3 or 2x spacing),keep rare (survivor enclaves),
